<?xml version="1.0" encoding="utf-8"?>
<MessageFrame>
  <messageId>33</messageId>
  <value>
    <RoadsideSafetyMessage>
      <version>1</version>
      <commonContainer>
        <eventInfo>
          <eventID>000061a2</eventID>
          <msgSegmentInfo>
            <totalMsgSegments>1</totalMsgSegments>
            <thisSegmentNum>1</thisSegmentNum>
          </msgSegmentInfo>
          <startDateTime>
            <year>2020</year>
            <month>06</month>
            <day>05</day>
            <hour>06</hour>
            <minute>00</minute>
            <offset>-300</offset>
          </startDateTime>
          <endDateTime>
            <year>2020</year>
            <month>06</month>
            <day>14</day>
            <hour>05</hour>
            <minute>58</minute>
          </endDateTime>
          <eventRecurrence>
            <EventRecurrence>
              <startTime>
                <hour>06</hour>
                <minute>00</minute>
                <second>0</second>
              </startTime>
              <endTime>
                <hour>05</hour>
                <minute>58</minute>
                <second>0</second>
              </endTime>
              <startDate>
                <year>2020</year>
                <month>06</month>
                <day>05</day>
              </startDate>
              <endDate>
                <year>2020</year>
                <month>06</month>
                <day>14</day>
              </endDate>
              <monday>
                <true/>
              </monday>
              <tuesday>
                <false/>
              </tuesday>
              <wednesday>
                <false/>
              </wednesday>
              <thursday>
                <false/>
              </thursday>
              <friday>
                <true/>
              </friday>
              <saturday>
                <false/>
              </saturday>
              <sunday>
                <false/>
              </sunday>
            </EventRecurrence>
          </eventRecurrence>
          <causeCode>3</causeCode>
          <subCauseCode>0</subCauseCode>
        </eventInfo>
        <regionInfo>
          <applicableHeading>
            <heading>220</heading>
            <tolerance>20</tolerance>
          </applicableHeading>
          <referencePoint>
            <lat>400610100</lat>
            <long>-1052116794</long>
            <elevation>1589</elevation>
          </referencePoint>
          <referencePointType>
            <startOfEvent/>
          </referencePointType>
          <descriptiveName>sample work zone</descriptiveName>
          <speedLimit>
            <type>
              <vehicleMaxSpeed/>
            </type>
            <speed>65</speed>
            <speedUnits>
              <mph/>
            </speedUnits>
          </speedLimit>
          <eventLength>474</eventLength>
          <approachRegion>
            <roadwayGeometry>
              <scale>1</scale>
              <rsmLanes>
                <RSMLane>
                  <laneID>1</laneID>
                  <lanePosition>1</lanePosition>
                  <laneName>Lane #1</laneName>
                  <laneWidth>360</laneWidth>
                  <laneGeometry>
                    <nodeSet>
                      <NodeLLE>
                        <nodePoint>
                          <node-3Dabsolute>
                            <lat>400609629</lat>
                            <long>-1052104930</long>
                            <elevation>1588</elevation>
                          </node-3Dabsolute>
                        </nodePoint>
                      </NodeLLE>
                      <NodeLLE>
                        <nodePoint>
                          <node-3Dabsolute>
                            <lat>400609539</lat>
                            <long>-1052110781</long>
                            <elevation>1589</elevation>
                          </node-3Dabsolute>
                        </nodePoint>
                      </NodeLLE>
                      <NodeLLE>
                        <nodePoint>
                          <node-3Dabsolute>
                            <lat>400609834</lat>
                            <long>-1052115513</long>
                            <elevation>1589</elevation>
                          </node-3Dabsolute>
                        </nodePoint>
                      </NodeLLE>
                      <NodeLLE>
                        <nodePoint>
                          <node-3Dabsolute>
                            <lat>400609771</lat>
                            <long>-1052116011</long>
                            <elevation>1589</elevation>
                          </node-3Dabsolute>
                        </nodePoint>
                      </NodeLLE>
                      <NodeLLE>
                        <nodePoint>
                          <node-3Dabsolute>
                            <lat>400609693</lat>
                            <long>-1052116138</long>
                            <elevation>1589</elevation>
                          </node-3Dabsolute>
                        </nodePoint>
                      </NodeLLE>
                    </nodeSet>
                  </laneGeometry>
                </RSMLane>
                <RSMLane>
                  <laneID>2</laneID>
                  <lanePosition>2</lanePosition>
                  <laneName>Lane #2</laneName>
                  <laneWidth>360</laneWidth>
                  <laneGeometry>
                    <nodeSet>
                      <NodeLLE>
                        <nodePoint>
                          <node-3Dabsolute>
                            <lat>400609953</lat>
                            <long>-1052104941</long>
                            <elevation>1588</elevation>
                          </node-3Dabsolute>
                        </nodePoint>
                      </NodeLLE>
                      <NodeLLE>
                        <nodePoint>
                          <node-3Dabsolute>
                            <lat>400609863</lat>
                            <long>-1052110767</long>
                            <elevation>1589</elevation>
                          </node-3Dabsolute>
                        </nodePoint>
                      </NodeLLE>
                      <NodeLLE>
                        <nodePoint>
                          <node-3Dabsolute>
                            <lat>400610158</lat>
                            <long>-1052115519</long>
                            <elevation>1589</elevation>
                          </node-3Dabsolute>
                        </nodePoint>
                      </NodeLLE>
                      <NodeLLE>
                        <nodePoint>
                          <node-3Dabsolute>
                            <lat>400610057</lat>
                            <long>-1052116209</long>
                            <elevation>1589</elevation>
                          </node-3Dabsolute>
                        </nodePoint>
                      </NodeLLE>
                      <NodeLLE>
                        <nodePoint>
                          <node-3Dabsolute>
                            <lat>400609911</lat>
                            <long>-1052116450</long>
                            <elevation>1589</elevation>
                          </node-3Dabsolute>
                        </nodePoint>
                      </NodeLLE>
                    </nodeSet>
                  </laneGeometry>
                </RSMLane>
                <RSMLane>
                  <laneID>3</laneID>
                  <lanePosition>3</lanePosition>
                  <laneName>Lane #3</laneName>
                  <laneWidth>360</laneWidth>
                  <laneGeometry>
                    <nodeSet>
                      <NodeLLE>
                        <nodePoint>
                          <node-3Dabsolute>
                            <lat>400610276</lat>
                            <long>-1052104951</long>
                            <elevation>1588</elevation>
                          </node-3Dabsolute>
                        </nodePoint>
                      </NodeLLE>
                      <NodeLLE>
                        <nodePoint>
                          <node-3Dabsolute>
                            <lat>400610186</lat>
                            <long>-1052110753</long>
                            <elevation>1589</elevation>
                          </node-3Dabsolute>
                        </nodePoint>
                      </NodeLLE>
                      <NodeLLE>
                        <nodePoint>
                          <node-3Dabsolute>
                            <lat>400610481</lat>
                            <long>-1052115525</long>
                            <elevation>1589</elevation>
                          </node-3Dabsolute>
                        </nodePoint>
                      </NodeLLE>
                      <NodeLLE>
                        <nodePoint>
                          <node-3Dabsolute>
                            <lat>400610343</lat>
                            <long>-1052116408</long>
                            <elevation>1589</elevation>
                          </node-3Dabsolute>
                        </nodePoint>
                      </NodeLLE>
                      <NodeLLE>
                        <nodePoint>
                          <node-3Dabsolute>
                            <lat>400610130</lat>
                            <long>-1052116763</long>
                            <elevation>1589</elevation>
                          </node-3Dabsolute>
                        </nodePoint>
                      </NodeLLE>
                    </nodeSet>
                  </laneGeometry>
                </RSMLane>
              </rsmLanes>
            </roadwayGeometry>
          </approachRegion>
        </regionInfo>
      </commonContainer>
      <rszContainer>
        <speedLimit>
          <type>
            <vehicleMaxSpeed/>
          </type>
          <speed>65</speed>
          <speedUnits>
            <mph/>
          </speedUnits>
        </speedLimit>
        <rszRegion>
          <roadwayGeometry>
            <scale>10</scale>
            <rsmLanes>
              <RSMLane>
                <laneID>1</laneID>
                <lanePosition>1</lanePosition>
                <laneName>Left Lane: Lane #1</laneName>
                <laneWidth>360</laneWidth>
                <laneGeometry>
                  <nodeSet>
                    <NodeLLE>
                      <nodePoint>
                        <node-3Dabsolute>
                          <lat>400609687</lat>
                          <long>-1052116142</long>
                          <elevation>1589</elevation>
                        </node-3Dabsolute>
                      </nodePoint>
                    </NodeLLE>
                    <NodeLLE>
                      <nodePoint>
                        <node-3Dabsolute>
                          <lat>400609403</lat>
                          <long>-1052116282</long>
                          <elevation>1589</elevation>
                        </node-3Dabsolute>
                      </nodePoint>
                    </NodeLLE>
                    <NodeLLE>
                      <nodePoint>
                        <node-3Dabsolute>
                          <lat>400603999</lat>
                          <long>-1052116756</long>
                          <elevation>1589</elevation>
                        </node-3Dabsolute>
                      </nodePoint>
                      <nodeAttributes>
                        <taperRight>
                          <true/>
                        </taperRight>
                        <laneClosed>
                          <true/>
                        </laneClosed>
                      </nodeAttributes>
                    </NodeLLE>
                    <NodeLLE>
                      <nodePoint>
                        <node-3Dabsolute>
                          <lat>400601803</lat>
                          <long>-1052117432</long>
                          <elevation>1589</elevation>
                        </node-3Dabsolute>
                      </nodePoint>
                      <nodeAttributes>
                        <taperRight>
                          <false/>
                        </taperRight>
                      </nodeAttributes>
                    </NodeLLE>
                    <NodeLLE>
                      <nodePoint>
                        <node-3Dabsolute>
                          <lat>400600220</lat>
                          <long>-1052118282</long>
                          <elevation>1589</elevation>
                        </node-3Dabsolute>
                      </nodePoint>
                      <nodeAttributes>
                        <speedLimit>
                          <type>
                            <vehicleMaxSpeed/>
                          </type>
                          <speed>55</speed>
                          <speedUnits>
                            <mph/>
                          </speedUnits>
                        </speedLimit>
                        <peoplePresent>
                          <true/>
                        </peoplePresent>
                      </nodeAttributes>
                    </NodeLLE>
                    <NodeLLE>
                      <nodePoint>
                        <node-3Dabsolute>
                          <lat>400598272</lat>
                          <long>-1052119767</long>
                          <elevation>1589</elevation>
                        </node-3Dabsolute>
                      </nodePoint>
                    </NodeLLE>
                    <NodeLLE>
                      <nodePoint>
                        <node-3Dabsolute>
                          <lat>400596582</lat>
                          <long>-1052121545</long>
                          <elevation>1589</elevation>
                        </node-3Dabsolute>
                      </nodePoint>
                    </NodeLLE>
                    <NodeLLE>
                      <nodePoint>
                        <node-3Dabsolute>
                          <lat>400595142</lat>
                          <long>-1052123700</long>
                          <elevation>1589</elevation>
                        </node-3Dabsolute>
                      </nodePoint>
                    </NodeLLE>
                    <NodeLLE>
                      <nodePoint>
                        <node-3Dabsolute>
                          <lat>400593823</lat>
                          <long>-1052126327</long>
                          <elevation>1589</elevation>
                        </node-3Dabsolute>
                      </nodePoint>
                    </NodeLLE>
                    <NodeLLE>
                      <nodePoint>
                        <node-3Dabsolute>
                          <lat>400592976</lat>
                          <long>-1052128466</long>
                          <elevation>1589</elevation>
                        </node-3Dabsolute>
                      </nodePoint>
                      <nodeAttributes>
                        <speedLimit>
                          <type>
                            <vehicleMaxSpeed/>
                          </type>
                          <speed>65</speed>
                          <speedUnits>
                            <mph/>
                          </speedUnits>
                        </speedLimit>
                        <peoplePresent>
                          <false/>
                        </peoplePresent>
                      </nodeAttributes>
                    </NodeLLE>
                    <NodeLLE>
                      <nodePoint>
                        <node-3Dabsolute>
                          <lat>400592190</lat>
                          <long>-1052131395</long>
                          <elevation>1590</elevation>
                        </node-3Dabsolute>
                      </nodePoint>
                    </NodeLLE>
                    <NodeLLE>
                      <nodePoint>
                        <node-3Dabsolute>
                          <lat>400591682</lat>
                          <long>-1052134123</long>
                          <elevation>1590</elevation>
                        </node-3Dabsolute>
                      </nodePoint>
                      <nodeAttributes>
                        <taperLeft>
                          <true/>
                        </taperLeft>
                        <laneClosed>
                          <false/>
                        </laneClosed>
                      </nodeAttributes>
                    </NodeLLE>
                    <NodeLLE>
                      <nodePoint>
                        <node-3Dabsolute>
                          <lat>400591447</lat>
                          <long>-1052137333</long>
                          <elevation>1591</elevation>
                        </node-3Dabsolute>
                      </nodePoint>
                      <nodeAttributes>
                        <taperLeft>
                          <false/>
                        </taperLeft>
                      </nodeAttributes>
                    </NodeLLE>
                    <NodeLLE>
                      <nodePoint>
                        <node-3Dabsolute>
                          <lat>400591335</lat>
                          <long>-1052147128</long>
                          <elevation>1592</elevation>
                        </node-3Dabsolute>
                      </nodePoint>
                    </NodeLLE>
                    <NodeLLE>
                      <nodePoint>
                        <node-3Dabsolute>
                          <lat>400591280</lat>
                          <long>-1052153685</long>
                          <elevation>1592</elevation>
                        </node-3Dabsolute>
                      </nodePoint>
                    </NodeLLE>
                    <NodeLLE>
                      <nodePoint>
                        <node-3Dabsolute>
                          <lat>400591242</lat>
                          <long>-1052157639</long>
                          <elevation>1592</elevation>
                        </node-3Dabsolute>
                      </nodePoint>
                    </NodeLLE>
                  </nodeSet>
                </laneGeometry>
                <connectsTo>
                  <LaneID>1</LaneID>
                  <LaneID>2</LaneID>
                </connectsTo>
              </RSMLane>
              <RSMLane>
                <laneID>2</laneID>
                <lanePosition>2</lanePosition>
                <laneName>Lane #2</laneName>
                <laneWidth>360</laneWidth>
                <laneGeometry>
                  <nodeSet>
                    <NodeLLE>
                      <nodePoint>
                        <node-3Dabsolute>
                          <lat>400609893</lat>
                          <long>-1052116468</long>
                          <elevation>1589</elevation>
                        </node-3Dabsolute>
                      </nodePoint>
                    </NodeLLE>
                    <NodeLLE>
                      <nodePoint>
                        <node-3Dabsolute>
                          <lat>400609449</lat>
                          <long>-1052116701</long>
                          <elevation>1589</elevation>
                        </node-3Dabsolute>
                      </nodePoint>
                    </NodeLLE>
                    <NodeLLE>
                      <nodePoint>
                        <node-3Dabsolute>
                          <lat>400604047</lat>
                          <long>-1052117175</long>
                          <elevation>1589</elevation>
                        </node-3Dabsolute>
                      </nodePoint>
                    </NodeLLE>
                    <NodeLLE>
                      <nodePoint>
                        <node-3Dabsolute>
                          <lat>400601897</lat>
                          <long>-1052117837</long>
                          <elevation>1589</elevation>
                        </node-3Dabsolute>
                      </nodePoint>
                    </NodeLLE>
                    <NodeLLE>
                      <nodePoint>
                        <node-3Dabsolute>
                          <lat>400600358</lat>
                          <long>-1052118665</long>
                          <elevation>1589</elevation>
                        </node-3Dabsolute>
                      </nodePoint>
                      <nodeAttributes>
                        <speedLimit>
                          <type>
                            <vehicleMaxSpeed/>
                          </type>
                          <speed>55</speed>
                          <speedUnits>
                            <mph/>
                          </speedUnits>
                        </speedLimit>
                        <peoplePresent>
                          <true/>
                        </peoplePresent>
                      </nodeAttributes>
                    </NodeLLE>
                    <NodeLLE>
                      <nodePoint>
                        <node-3Dabsolute>
                          <lat>400598453</lat>
                          <long>-1052120118</long>
                          <elevation>1589</elevation>
                        </node-3Dabsolute>
                      </nodePoint>
                    </NodeLLE>
                    <NodeLLE>
                      <nodePoint>
                        <node-3Dabsolute>
                          <lat>400596806</lat>
                          <long>-1052121851</long>
                          <elevation>1589</elevation>
                        </node-3Dabsolute>
                      </nodePoint>
                    </NodeLLE>
                    <NodeLLE>
                      <nodePoint>
                        <node-3Dabsolute>
                          <lat>400595393</lat>
                          <long>-1052123966</long>
                          <elevation>1589</elevation>
                        </node-3Dabsolute>
                      </nodePoint>
                    </NodeLLE>
                    <NodeLLE>
                      <nodePoint>
                        <node-3Dabsolute>
                          <lat>400594103</lat>
                          <long>-1052126540</long>
                          <elevation>1589</elevation>
                        </node-3Dabsolute>
                      </nodePoint>
                    </NodeLLE>
                    <NodeLLE>
                      <nodePoint>
                        <node-3Dabsolute>
                          <lat>400593270</lat>
                          <long>-1052128642</long>
                          <elevation>1589</elevation>
                        </node-3Dabsolute>
                      </nodePoint>
                      <nodeAttributes>
                        <speedLimit>
                          <type>
                            <vehicleMaxSpeed/>
                          </type>
                          <speed>65</speed>
                          <speedUnits>
                            <mph/>
                          </speedUnits>
                        </speedLimit>
                        <peoplePresent>
                          <false/>
                        </peoplePresent>
                      </nodeAttributes>
                    </NodeLLE>
                    <NodeLLE>
                      <nodePoint>
                        <node-3Dabsolute>
                          <lat>400592500</lat>
                          <long>-1052131518</long>
                          <elevation>1590</elevation>
                        </node-3Dabsolute>
                      </nodePoint>
                    </NodeLLE>
                    <NodeLLE>
                      <nodePoint>
                        <node-3Dabsolute>
                          <lat>400592001</lat>
                          <long>-1052134198</long>
                          <elevation>1590</elevation>
                        </node-3Dabsolute>
                      </nodePoint>
                    </NodeLLE>
                    <NodeLLE>
                      <nodePoint>
                        <node-3Dabsolute>
                          <lat>400591771</lat>
                          <long>-1052137345</long>
                          <elevation>1591</elevation>
                        </node-3Dabsolute>
                      </nodePoint>
                    </NodeLLE>
                    <NodeLLE>
                      <nodePoint>
                        <node-3Dabsolute>
                          <lat>400591659</lat>
                          <long>-1052147123</long>
                          <elevation>1592</elevation>
                        </node-3Dabsolute>
                      </nodePoint>
                    </NodeLLE>
                    <NodeLLE>
                      <nodePoint>
                        <node-3Dabsolute>
                          <lat>400591604</lat>
                          <long>-1052153692</long>
                          <elevation>1592</elevation>
                        </node-3Dabsolute>
                      </nodePoint>
                    </NodeLLE>
                    <NodeLLE>
                      <nodePoint>
                        <node-3Dabsolute>
                          <lat>400591566</lat>
                          <long>-1052157637</long>
                          <elevation>1592</elevation>
                        </node-3Dabsolute>
                      </nodePoint>
                    </NodeLLE>
                  </nodeSet>
                </laneGeometry>
              </RSMLane>
              <RSMLane>
                <laneID>3</laneID>
                <lanePosition>3</lanePosition>
                <laneName>Right Lane: Lane #3</laneName>
                <laneWidth>360</laneWidth>
                <laneGeometry>
                  <nodeSet>
                    <NodeLLE>
                      <nodePoint>
                        <node-3Dabsolute>
                          <lat>400610100</lat>
                          <long>-1052116795</long>
                          <elevation>1589</elevation>
                        </node-3Dabsolute>
                      </nodePoint>
                    </NodeLLE>
                    <NodeLLE>
                      <nodePoint>
                        <node-3Dabsolute>
                          <lat>400609496</lat>
                          <long>-1052117120</long>
                          <elevation>1589</elevation>
                        </node-3Dabsolute>
                      </nodePoint>
                    </NodeLLE>
                    <NodeLLE>
                      <nodePoint>
                        <node-3Dabsolute>
                          <lat>400604095</lat>
                          <long>-1052117593</long>
                          <elevation>1589</elevation>
                        </node-3Dabsolute>
                      </nodePoint>
                    </NodeLLE>
                    <NodeLLE>
                      <nodePoint>
                        <node-3Dabsolute>
                          <lat>400601991</lat>
                          <long>-1052118241</long>
                          <elevation>1589</elevation>
                        </node-3Dabsolute>
                      </nodePoint>
                    </NodeLLE>
                    <NodeLLE>
                      <nodePoint>
                        <node-3Dabsolute>
                          <lat>400600496</lat>
                          <long>-1052119048</long>
                          <elevation>1589</elevation>
                        </node-3Dabsolute>
                      </nodePoint>
                      <nodeAttributes>
                        <speedLimit>
                          <type>
                            <vehicleMaxSpeed/>
                          </type>
                          <speed>55</speed>
                          <speedUnits>
                            <mph/>
                          </speedUnits>
                        </speedLimit>
                        <peoplePresent>
                          <true/>
                        </peoplePresent>
                      </nodeAttributes>
                    </NodeLLE>
                    <NodeLLE>
                      <nodePoint>
                        <node-3Dabsolute>
                          <lat>400598633</lat>
                          <long>-1052120470</long>
                          <elevation>1589</elevation>
                        </node-3Dabsolute>
                      </nodePoint>
                    </NodeLLE>
                    <NodeLLE>
                      <nodePoint>
                        <node-3Dabsolute>
                          <lat>400597030</lat>
                          <long>-1052122156</long>
                          <elevation>1589</elevation>
                        </node-3Dabsolute>
                      </nodePoint>
                    </NodeLLE>
                    <NodeLLE>
                      <nodePoint>
                        <node-3Dabsolute>
                          <lat>400595645</lat>
                          <long>-1052124233</long>
                          <elevation>1589</elevation>
                        </node-3Dabsolute>
                      </nodePoint>
                    </NodeLLE>
                    <NodeLLE>
                      <nodePoint>
                        <node-3Dabsolute>
                          <lat>400594383</lat>
                          <long>-1052126753</long>
                          <elevation>1589</elevation>
                        </node-3Dabsolute>
                      </nodePoint>
                    </NodeLLE>
                    <NodeLLE>
                      <nodePoint>
                        <node-3Dabsolute>
                          <lat>400593565</lat>
                          <long>-1052128818</long>
                          <elevation>1589</elevation>
                        </node-3Dabsolute>
                      </nodePoint>
                      <nodeAttributes>
                        <speedLimit>
                          <type>
                            <vehicleMaxSpeed/>
                          </type>
                          <speed>65</speed>
                          <speedUnits>
                            <mph/>
                          </speedUnits>
                        </speedLimit>
                        <peoplePresent>
                          <false/>
                        </peoplePresent>
                      </nodeAttributes>
                    </NodeLLE>
                    <NodeLLE>
                      <nodePoint>
                        <node-3Dabsolute>
                          <lat>400592810</lat>
                          <long>-1052131641</long>
                          <elevation>1590</elevation>
                        </node-3Dabsolute>
                      </nodePoint>
                    </NodeLLE>
                    <NodeLLE>
                      <nodePoint>
                        <node-3Dabsolute>
                          <lat>400592320</lat>
                          <long>-1052134273</long>
                          <elevation>1590</elevation>
                        </node-3Dabsolute>
                      </nodePoint>
                    </NodeLLE>
                    <NodeLLE>
                      <nodePoint>
                        <node-3Dabsolute>
                          <lat>400592095</lat>
                          <long>-1052137356</long>
                          <elevation>1591</elevation>
                        </node-3Dabsolute>
                      </nodePoint>
                    </NodeLLE>
                    <NodeLLE>
                      <nodePoint>
                        <node-3Dabsolute>
                          <lat>400591983</lat>
                          <long>-1052147118</long>
                          <elevation>1592</elevation>
                        </node-3Dabsolute>
                      </nodePoint>
                    </NodeLLE>
                    <NodeLLE>
                      <nodePoint>
                        <node-3Dabsolute>
                          <lat>400591928</lat>
                          <long>-1052153698</long>
                          <elevation>1592</elevation>
                        </node-3Dabsolute>
                      </nodePoint>
                    </NodeLLE>
                    <NodeLLE>
                      <nodePoint>
                        <node-3Dabsolute>
                          <lat>400591890</lat>
                          <long>-1052157635</long>
                          <elevation>1592</elevation>
                        </node-3Dabsolute>
                      </nodePoint>
                    </NodeLLE>
                  </nodeSet>
                </laneGeometry>
              </RSMLane>
            </rsmLanes>
          </roadwayGeometry>
        </rszRegion>
      </rszContainer>
    </RoadsideSafetyMessage>
  </value>
</MessageFrame>