<?xml version="1.0" encoding="utf-8"?>
<MessageFrame>
  <messageId>33</messageId>
  <value>
    <RoadsideSafetyMessage>
      <version>1</version>
      <commonContainer>
        <eventInfo>
          <eventID>00000bb3</eventID>
          <msgSegmentInfo>
            <totalMsgSegments>1</totalMsgSegments>
            <thisSegmentNum>1</thisSegmentNum>
          </msgSegmentInfo>
          <startDateTime>
            <year>2020</year>
            <month>06</month>
            <day>06</day>
            <hour>00</hour>
            <minute>00</minute>
            <offset>0</offset>
          </startDateTime>
          <endDateTime>
            <year>2020</year>
            <month>06</month>
            <day>15</day>
            <hour>23</hour>
            <minute>48</minute>
          </endDateTime>
          <eventRecurrence>
            <EventRecurrence>
              <startTime>
                <hour>00</hour>
                <minute>00</minute>
                <second>0</second>
              </startTime>
              <endTime>
                <hour>23</hour>
                <minute>48</minute>
                <second>0</second>
              </endTime>
              <startDate>
                <year>2020</year>
                <month>06</month>
                <day>06</day>
              </startDate>
              <endDate>
                <year>2020</year>
                <month>06</month>
                <day>15</day>
              </endDate>
              <monday>
                <true/>
              </monday>
              <tuesday>
                <false/>
              </tuesday>
              <wednesday>
                <false/>
              </wednesday>
              <thursday>
                <false/>
              </thursday>
              <friday>
                <true/>
              </friday>
              <saturday>
                <false/>
              </saturday>
              <sunday>
                <false/>
              </sunday>
            </EventRecurrence>
          </eventRecurrence>
          <causeCode>3</causeCode>
          <subCauseCode>0</subCauseCode>
        </eventInfo>
        <regionInfo>
          <applicableHeading>
            <heading>220</heading>
            <tolerance>20</tolerance>
          </applicableHeading>
          <referencePoint>
            <lat>400610100</lat>
            <long>-1052116794</long>
            <elevation>1589</elevation>
          </referencePoint>
          <referencePointType>
            <startOfEvent/>
          </referencePointType>
          <descriptiveName>sample work zone</descriptiveName>
          <speedLimit>
            <type>
              <vehicleMaxSpeed/>
            </type>
            <speed>20</speed>
            <speedUnits>
              <mph/>
            </speedUnits>
          </speedLimit>
          <eventLength>474</eventLength>
          <approachRegion>
            <roadwayGeometry>
              <scale>1</scale>
              <rsmLanes>
                <RSMLane>
                  <laneID>1</laneID>
                  <lanePosition>1</lanePosition>
                  <laneName>Lane #1</laneName>
                  <laneWidth>360</laneWidth>
                  <laneGeometry>
                    <nodeSet>
                      <NodeLLE>
                        <nodePoint>
                          <node-3Dabsolute>
                            <lat>400609629</lat>
                            <long>-1052104930</long>
                            <elevation>1588</elevation>
                          </node-3Dabsolute>
                        </nodePoint>
                      </NodeLLE>
                      <NodeLLE>
                        <nodePoint>
                          <node-3Dabsolute>
                            <lat>400609611</lat>
                            <long>-1052111845</long>
                            <elevation>1589</elevation>
                          </node-3Dabsolute>
                        </nodePoint>
                      </NodeLLE>
                      <NodeLLE>
                        <nodePoint>
                          <node-3Dabsolute>
                            <lat>400609847</lat>
                            <long>-1052115452</long>
                            <elevation>1589</elevation>
                          </node-3Dabsolute>
                        </nodePoint>
                      </NodeLLE>
                      <NodeLLE>
                        <nodePoint>
                          <node-3Dabsolute>
                            <lat>400609708</lat>
                            <long>-1052116118</long>
                            <elevation>1589</elevation>
                          </node-3Dabsolute>
                        </nodePoint>
                      </NodeLLE>
                      <NodeLLE>
                        <nodePoint>
                          <node-3Dabsolute>
                            <lat>400609693</lat>
                            <long>-1052116138</long>
                            <elevation>1589</elevation>
                          </node-3Dabsolute>
                        </nodePoint>
                      </NodeLLE>
                    </nodeSet>
                  </laneGeometry>
                </RSMLane>
                <RSMLane>
                  <laneID>2</laneID>
                  <lanePosition>2</lanePosition>
                  <laneName>Lane #2</laneName>
                  <laneWidth>360</laneWidth>
                  <laneGeometry>
                    <nodeSet>
                      <NodeLLE>
                        <nodePoint>
                          <node-3Dabsolute>
                            <lat>400609953</lat>
                            <long>-1052104941</long>
                            <elevation>1588</elevation>
                          </node-3Dabsolute>
                        </nodePoint>
                      </NodeLLE>
                      <NodeLLE>
                        <nodePoint>
                          <node-3Dabsolute>
                            <lat>400609933</lat>
                            <long>-1052111798</long>
                            <elevation>1589</elevation>
                          </node-3Dabsolute>
                        </nodePoint>
                      </NodeLLE>
                      <NodeLLE>
                        <nodePoint>
                          <node-3Dabsolute>
                            <lat>400610169</lat>
                            <long>-1052115496</long>
                            <elevation>1589</elevation>
                          </node-3Dabsolute>
                        </nodePoint>
                      </NodeLLE>
                      <NodeLLE>
                        <nodePoint>
                          <node-3Dabsolute>
                            <lat>400609932</lat>
                            <long>-1052116423</long>
                            <elevation>1589</elevation>
                          </node-3Dabsolute>
                        </nodePoint>
                      </NodeLLE>
                      <NodeLLE>
                        <nodePoint>
                          <node-3Dabsolute>
                            <lat>400609911</lat>
                            <long>-1052116450</long>
                            <elevation>1589</elevation>
                          </node-3Dabsolute>
                        </nodePoint>
                      </NodeLLE>
                    </nodeSet>
                  </laneGeometry>
                </RSMLane>
                <RSMLane>
                  <laneID>3</laneID>
                  <lanePosition>3</lanePosition>
                  <laneName>Lane #3</laneName>
                  <laneWidth>360</laneWidth>
                  <laneGeometry>
                    <nodeSet>
                      <NodeLLE>
                        <nodePoint>
                          <node-3Dabsolute>
                            <lat>400610276</lat>
                            <long>-1052104951</long>
                            <elevation>1588</elevation>
                          </node-3Dabsolute>
                        </nodePoint>
                      </NodeLLE>
                      <NodeLLE>
                        <nodePoint>
                          <node-3Dabsolute>
                            <lat>400610255</lat>
                            <long>-1052111751</long>
                            <elevation>1589</elevation>
                          </node-3Dabsolute>
                        </nodePoint>
                      </NodeLLE>
                      <NodeLLE>
                        <nodePoint>
                          <node-3Dabsolute>
                            <lat>400610491</lat>
                            <long>-1052115540</long>
                            <elevation>1589</elevation>
                          </node-3Dabsolute>
                        </nodePoint>
                      </NodeLLE>
                      <NodeLLE>
                        <nodePoint>
                          <node-3Dabsolute>
                            <lat>400610156</lat>
                            <long>-1052116728</long>
                            <elevation>1589</elevation>
                          </node-3Dabsolute>
                        </nodePoint>
                      </NodeLLE>
                      <NodeLLE>
                        <nodePoint>
                          <node-3Dabsolute>
                            <lat>400610130</lat>
                            <long>-1052116763</long>
                            <elevation>1589</elevation>
                          </node-3Dabsolute>
                        </nodePoint>
                      </NodeLLE>
                    </nodeSet>
                  </laneGeometry>
                </RSMLane>
              </rsmLanes>
            </roadwayGeometry>
          </approachRegion>
        </regionInfo>
      </commonContainer>
      <rszContainer>
        <speedLimit>
          <type>
            <vehicleMaxSpeed/>
          </type>
          <speed>20</speed>
          <speedUnits>
            <mph/>
          </speedUnits>
        </speedLimit>
        <rszRegion>
          <roadwayGeometry>
            <scale>10</scale>
            <rsmLanes>
              <RSMLane>
                <laneID>1</laneID>
                <lanePosition>1</lanePosition>
                <laneName>Left Lane: Lane #1</laneName>
                <laneWidth>360</laneWidth>
                <laneGeometry>
                  <nodeSet>
                    <NodeLLE>
                      <nodePoint>
                        <node-3Dabsolute>
                          <lat>400609687</lat>
                          <long>-1052116142</long>
                          <elevation>1589</elevation>
                        </node-3Dabsolute>
                      </nodePoint>
                    </NodeLLE>
                    <NodeLLE>
                      <nodePoint>
                        <node-3Dabsolute>
                          <lat>400609028</lat>
                          <long>-1052116331</long>
                          <elevation>1589</elevation>
                        </node-3Dabsolute>
                      </nodePoint>
                    </NodeLLE>
                    <NodeLLE>
                      <nodePoint>
                        <node-3Dabsolute>
                          <lat>400603999</lat>
                          <long>-1052116756</long>
                          <elevation>1589</elevation>
                        </node-3Dabsolute>
                      </nodePoint>
                      <nodeAttributes>
                        <taperRight>
                          <true/>
                        </taperRight>
                        <laneClosed>
                          <true/>
                        </laneClosed>
                      </nodeAttributes>
                    </NodeLLE>
                    <NodeLLE>
                      <nodePoint>
                        <node-3Dabsolute>
                          <lat>400600924</lat>
                          <long>-1052117863</long>
                          <elevation>1589</elevation>
                        </node-3Dabsolute>
                      </nodePoint>
                    </NodeLLE>
                    <NodeLLE>
                      <nodePoint>
                        <node-3Dabsolute>
                          <lat>400600599</lat>
                          <long>-1052118048</long>
                          <elevation>1589</elevation>
                        </node-3Dabsolute>
                      </nodePoint>
                      <nodeAttributes>
                        <taperRight>
                          <false/>
                        </taperRight>
                      </nodeAttributes>
                    </NodeLLE>
                    <NodeLLE>
                      <nodePoint>
                        <node-3Dabsolute>
                          <lat>400600220</lat>
                          <long>-1052118282</long>
                          <elevation>1589</elevation>
                        </node-3Dabsolute>
                      </nodePoint>
                      <nodeAttributes>
                        <speedLimit>
                          <type>
                            <vehicleMaxSpeed/>
                          </type>
                          <speed>15</speed>
                          <speedUnits>
                            <mph/>
                          </speedUnits>
                        </speedLimit>
                        <peoplePresent>
                          <true/>
                        </peoplePresent>
                      </nodeAttributes>
                    </NodeLLE>
                    <NodeLLE>
                      <nodePoint>
                        <node-3Dabsolute>
                          <lat>400597414</lat>
                          <long>-1052120602</long>
                          <elevation>1589</elevation>
                        </node-3Dabsolute>
                      </nodePoint>
                    </NodeLLE>
                    <NodeLLE>
                      <nodePoint>
                        <node-3Dabsolute>
                          <lat>400595276</lat>
                          <long>-1052123475</long>
                          <elevation>1589</elevation>
                        </node-3Dabsolute>
                      </nodePoint>
                    </NodeLLE>
                    <NodeLLE>
                      <nodePoint>
                        <node-3Dabsolute>
                          <lat>400593358</lat>
                          <long>-1052127435</long>
                          <elevation>1589</elevation>
                        </node-3Dabsolute>
                      </nodePoint>
                    </NodeLLE>
                    <NodeLLE>
                      <nodePoint>
                        <node-3Dabsolute>
                          <lat>400592976</lat>
                          <long>-1052128466</long>
                          <elevation>1589</elevation>
                        </node-3Dabsolute>
                      </nodePoint>
                      <nodeAttributes>
                        <speedLimit>
                          <type>
                            <vehicleMaxSpeed/>
                          </type>
                          <speed>20</speed>
                          <speedUnits>
                            <mph/>
                          </speedUnits>
                        </speedLimit>
                        <peoplePresent>
                          <false/>
                        </peoplePresent>
                      </nodeAttributes>
                    </NodeLLE>
                    <NodeLLE>
                      <nodePoint>
                        <node-3Dabsolute>
                          <lat>400591849</lat>
                          <long>-1052133055</long>
                          <elevation>1590</elevation>
                        </node-3Dabsolute>
                      </nodePoint>
                    </NodeLLE>
                    <NodeLLE>
                      <nodePoint>
                        <node-3Dabsolute>
                          <lat>400591682</lat>
                          <long>-1052134123</long>
                          <elevation>1590</elevation>
                        </node-3Dabsolute>
                      </nodePoint>
                      <nodeAttributes>
                        <taperLeft>
                          <true/>
                        </taperLeft>
                        <laneClosed>
                          <false/>
                        </laneClosed>
                      </nodeAttributes>
                    </NodeLLE>
                    <NodeLLE>
                      <nodePoint>
                        <node-3Dabsolute>
                          <lat>400591424</lat>
                          <long>-1052138743</long>
                          <elevation>1591</elevation>
                        </node-3Dabsolute>
                      </nodePoint>
                      <nodeAttributes>
                        <taperLeft>
                          <false/>
                        </taperLeft>
                      </nodeAttributes>
                    </NodeLLE>
                    <NodeLLE>
                      <nodePoint>
                        <node-3Dabsolute>
                          <lat>400591242</lat>
                          <long>-1052157639</long>
                          <elevation>1592</elevation>
                        </node-3Dabsolute>
                      </nodePoint>
                    </NodeLLE>
                  </nodeSet>
                </laneGeometry>
                <connectsTo>
                  <LaneID>1</LaneID>
                  <LaneID>2</LaneID>
                </connectsTo>
              </RSMLane>
              <RSMLane>
                <laneID>2</laneID>
                <lanePosition>2</lanePosition>
                <laneName>Lane #2</laneName>
                <laneWidth>360</laneWidth>
                <laneGeometry>
                  <nodeSet>
                    <NodeLLE>
                      <nodePoint>
                        <node-3Dabsolute>
                          <lat>400609893</lat>
                          <long>-1052116468</long>
                          <elevation>1589</elevation>
                        </node-3Dabsolute>
                      </nodePoint>
                    </NodeLLE>
                    <NodeLLE>
                      <nodePoint>
                        <node-3Dabsolute>
                          <lat>400609051</lat>
                          <long>-1052116753</long>
                          <elevation>1589</elevation>
                        </node-3Dabsolute>
                      </nodePoint>
                    </NodeLLE>
                    <NodeLLE>
                      <nodePoint>
                        <node-3Dabsolute>
                          <lat>400604047</lat>
                          <long>-1052117175</long>
                          <elevation>1589</elevation>
                        </node-3Dabsolute>
                      </nodePoint>
                    </NodeLLE>
                    <NodeLLE>
                      <nodePoint>
                        <node-3Dabsolute>
                          <lat>400601045</lat>
                          <long>-1052118256</long>
                          <elevation>1589</elevation>
                        </node-3Dabsolute>
                      </nodePoint>
                    </NodeLLE>
                    <NodeLLE>
                      <nodePoint>
                        <node-3Dabsolute>
                          <lat>400600729</lat>
                          <long>-1052118436</long>
                          <elevation>1589</elevation>
                        </node-3Dabsolute>
                      </nodePoint>
                    </NodeLLE>
                    <NodeLLE>
                      <nodePoint>
                        <node-3Dabsolute>
                          <lat>400600358</lat>
                          <long>-1052118665</long>
                          <elevation>1589</elevation>
                        </node-3Dabsolute>
                      </nodePoint>
                      <nodeAttributes>
                        <speedLimit>
                          <type>
                            <vehicleMaxSpeed/>
                          </type>
                          <speed>15</speed>
                          <speedUnits>
                            <mph/>
                          </speedUnits>
                        </speedLimit>
                        <peoplePresent>
                          <true/>
                        </peoplePresent>
                      </nodeAttributes>
                    </NodeLLE>
                    <NodeLLE>
                      <nodePoint>
                        <node-3Dabsolute>
                          <lat>400597613</lat>
                          <long>-1052120935</long>
                          <elevation>1589</elevation>
                        </node-3Dabsolute>
                      </nodePoint>
                    </NodeLLE>
                    <NodeLLE>
                      <nodePoint>
                        <node-3Dabsolute>
                          <lat>400595529</lat>
                          <long>-1052123738</long>
                          <elevation>1589</elevation>
                        </node-3Dabsolute>
                      </nodePoint>
                    </NodeLLE>
                    <NodeLLE>
                      <nodePoint>
                        <node-3Dabsolute>
                          <lat>400593647</lat>
                          <long>-1052127626</long>
                          <elevation>1589</elevation>
                        </node-3Dabsolute>
                      </nodePoint>
                    </NodeLLE>
                    <NodeLLE>
                      <nodePoint>
                        <node-3Dabsolute>
                          <lat>400593270</lat>
                          <long>-1052128642</long>
                          <elevation>1589</elevation>
                        </node-3Dabsolute>
                      </nodePoint>
                      <nodeAttributes>
                        <speedLimit>
                          <type>
                            <vehicleMaxSpeed/>
                          </type>
                          <speed>20</speed>
                          <speedUnits>
                            <mph/>
                          </speedUnits>
                        </speedLimit>
                        <peoplePresent>
                          <false/>
                        </peoplePresent>
                      </nodeAttributes>
                    </NodeLLE>
                    <NodeLLE>
                      <nodePoint>
                        <node-3Dabsolute>
                          <lat>400592163</lat>
                          <long>-1052133156</long>
                          <elevation>1590</elevation>
                        </node-3Dabsolute>
                      </nodePoint>
                    </NodeLLE>
                    <NodeLLE>
                      <nodePoint>
                        <node-3Dabsolute>
                          <lat>400592001</lat>
                          <long>-1052134198</long>
                          <elevation>1590</elevation>
                        </node-3Dabsolute>
                      </nodePoint>
                    </NodeLLE>
                    <NodeLLE>
                      <nodePoint>
                        <node-3Dabsolute>
                          <lat>400591748</lat>
                          <long>-1052138745</long>
                          <elevation>1591</elevation>
                        </node-3Dabsolute>
                      </nodePoint>
                    </NodeLLE>
                    <NodeLLE>
                      <nodePoint>
                        <node-3Dabsolute>
                          <lat>400591566</lat>
                          <long>-1052157637</long>
                          <elevation>1592</elevation>
                        </node-3Dabsolute>
                      </nodePoint>
                    </NodeLLE>
                  </nodeSet>
                </laneGeometry>
              </RSMLane>
              <RSMLane>
                <laneID>3</laneID>
                <lanePosition>3</lanePosition>
                <laneName>Right Lane: Lane #3</laneName>
                <laneWidth>360</laneWidth>
                <laneGeometry>
                  <nodeSet>
                    <NodeLLE>
                      <nodePoint>
                        <node-3Dabsolute>
                          <lat>400610100</lat>
                          <long>-1052116795</long>
                          <elevation>1589</elevation>
                        </node-3Dabsolute>
                      </nodePoint>
                    </NodeLLE>
                    <NodeLLE>
                      <nodePoint>
                        <node-3Dabsolute>
                          <lat>400609073</lat>
                          <long>-1052117175</long>
                          <elevation>1589</elevation>
                        </node-3Dabsolute>
                      </nodePoint>
                    </NodeLLE>
                    <NodeLLE>
                      <nodePoint>
                        <node-3Dabsolute>
                          <lat>400604095</lat>
                          <long>-1052117593</long>
                          <elevation>1589</elevation>
                        </node-3Dabsolute>
                      </nodePoint>
                    </NodeLLE>
                    <NodeLLE>
                      <nodePoint>
                        <node-3Dabsolute>
                          <lat>400601166</lat>
                          <long>-1052118648</long>
                          <elevation>1589</elevation>
                        </node-3Dabsolute>
                      </nodePoint>
                    </NodeLLE>
                    <NodeLLE>
                      <nodePoint>
                        <node-3Dabsolute>
                          <lat>400600860</lat>
                          <long>-1052118823</long>
                          <elevation>1589</elevation>
                        </node-3Dabsolute>
                      </nodePoint>
                    </NodeLLE>
                    <NodeLLE>
                      <nodePoint>
                        <node-3Dabsolute>
                          <lat>400600496</lat>
                          <long>-1052119048</long>
                          <elevation>1589</elevation>
                        </node-3Dabsolute>
                      </nodePoint>
                      <nodeAttributes>
                        <speedLimit>
                          <type>
                            <vehicleMaxSpeed/>
                          </type>
                          <speed>15</speed>
                          <speedUnits>
                            <mph/>
                          </speedUnits>
                        </speedLimit>
                        <peoplePresent>
                          <true/>
                        </peoplePresent>
                      </nodeAttributes>
                    </NodeLLE>
                    <NodeLLE>
                      <nodePoint>
                        <node-3Dabsolute>
                          <lat>400597813</lat>
                          <long>-1052121268</long>
                          <elevation>1589</elevation>
                        </node-3Dabsolute>
                      </nodePoint>
                    </NodeLLE>
                    <NodeLLE>
                      <nodePoint>
                        <node-3Dabsolute>
                          <lat>400595783</lat>
                          <long>-1052124001</long>
                          <elevation>1589</elevation>
                        </node-3Dabsolute>
                      </nodePoint>
                    </NodeLLE>
                    <NodeLLE>
                      <nodePoint>
                        <node-3Dabsolute>
                          <lat>400593936</lat>
                          <long>-1052127816</long>
                          <elevation>1589</elevation>
                        </node-3Dabsolute>
                      </nodePoint>
                    </NodeLLE>
                    <NodeLLE>
                      <nodePoint>
                        <node-3Dabsolute>
                          <lat>400593565</lat>
                          <long>-1052128818</long>
                          <elevation>1589</elevation>
                        </node-3Dabsolute>
                      </nodePoint>
                      <nodeAttributes>
                        <speedLimit>
                          <type>
                            <vehicleMaxSpeed/>
                          </type>
                          <speed>20</speed>
                          <speedUnits>
                            <mph/>
                          </speedUnits>
                        </speedLimit>
                        <peoplePresent>
                          <false/>
                        </peoplePresent>
                      </nodeAttributes>
                    </NodeLLE>
                    <NodeLLE>
                      <nodePoint>
                        <node-3Dabsolute>
                          <lat>400592478</lat>
                          <long>-1052133256</long>
                          <elevation>1590</elevation>
                        </node-3Dabsolute>
                      </nodePoint>
                    </NodeLLE>
                    <NodeLLE>
                      <nodePoint>
                        <node-3Dabsolute>
                          <lat>400592320</lat>
                          <long>-1052134273</long>
                          <elevation>1590</elevation>
                        </node-3Dabsolute>
                      </nodePoint>
                    </NodeLLE>
                    <NodeLLE>
                      <nodePoint>
                        <node-3Dabsolute>
                          <lat>400592071</lat>
                          <long>-1052138748</long>
                          <elevation>1591</elevation>
                        </node-3Dabsolute>
                      </nodePoint>
                    </NodeLLE>
                    <NodeLLE>
                      <nodePoint>
                        <node-3Dabsolute>
                          <lat>400591890</lat>
                          <long>-1052157635</long>
                          <elevation>1592</elevation>
                        </node-3Dabsolute>
                      </nodePoint>
                    </NodeLLE>
                  </nodeSet>
                </laneGeometry>
              </RSMLane>
            </rsmLanes>
          </roadwayGeometry>
        </rszRegion>
      </rszContainer>
    </RoadsideSafetyMessage>
  </value>
</MessageFrame>